"Category","name","name"
"Wahkiakum",0,0
"Alger",0,0
"Ashland",0,0
"Nantucket",0,0
"Franklin",0,0
"Bayfield",0,0
"Hyde",0,0
"Pacific",0,0
"San Juan",0,0
"Matagorda",0,0
"Mackinac",0,0
"Northampton",0,0
"McIntosh",0,0
"Calhoun",0,0
"Catron",0,0
"Cavalier",0,0
"Lake",0,0
"Todd",0,0
"Mellette",0,0
"Pecos",0,0
"Brewster",0,0
"Presque Isle",0,0
"Blaine",0,0
"Lake",0,0
"Jeff Davis",0,0
"Presidio",0,0
"Daniels",0,0
"Chouteau",0,0
"Covington",0,0
"Divide",0,0
"Kenedy",0,0
"Lewis",0,0
"Lincoln",0,0
"Boundary",0,0
"Rusk",0,0
"Taylor",0,0
"Staunton",0,0
"Toole",0,0
"Emporia",0,0
"Buena Vista",0,0
"Owyhee",0,0
"Renville",0,0
"Bottineau",0,0
"Kane",0,0
"Bent",0,0
"Kiowa",0,0
"Valley",0,0
"Eureka",0,0
"Benzie",0,0
"Sawyer",0,0
"Chambers",0,0
"Refugio",0,0
"Platte",0,0
"Cherry",0,0
"Mineral",0,0
"Lincoln",0,0
"Millard",0,0
"Dixie",0,0
"Lafayette",0,0
"Suwannee",0,0
"Juab",0,0
"Terrell",0,0
"Crockett",0,0
"Manassas Park",0,0
"Baca",0,0
"Las Animas",0,0
"Pamlico",0,0
"Cook",0,0
"Jones",0,0
"Kimball",0,0
"Yuma",0,0
"Washington",0,0
"Sheridan",0,0
"Pike",0,0
"Schley",0,0
"Taylor",0,0
"Crawford",0,0
"Marion",0,0
"James City",0,0
"Terrell",0,0
"Calhoun",0,0
"Lee",0,0
"Rich",0,0
"Bear Lake",0,0
"Cameron",0,0
"Pickett",0,0
"Clinton",0,0
"Wayne",0,0
"Holmes",0,0
"Fillmore",0,0
"Clay",0,0
"Webster",0,0
"Nuckolls",0,0
"Republic",0,0
"Baraga",0,0
"Hutchinson",0,0
"Douglas",0,0
"Brantley",0,0
"Charlton",0,0
"Polk",0,0
"Holt",0,0
"Boyd",0,0
"Keya Paha",0,0
"Saguache",0,0
"Custer",0,0
"Jackson",0,0
"Greenwood",0,0
"Coffey",0,0
"Woodson",0,0
"Newton",0,0
"Pulaski",0,0
"Benton",0,0
"Cherokee",0,0
"Musselshell",0,0
"Rosebud",0,0
"Wallace",0,0
"San Juan",0,0
"San Miguel",0,0
"Franklin",0,0
"Menard",0,0
"Schleicher",0,0
"Meagher",0,0
"Sweet Grass",0,0
"Marshall",0,0
"Wetzel",0,0
"Marengo",0,0
"Hale",0,0
"Perry",0,0
"Greene",0,0
"Jefferson",0,0
"Clark",0,0
"Pocahontas",0,0
"Calhoun",0,0
"Delta",0,0
"Smith",0,0
"Trousdale",0,0
"Dimmit",0,0
"Zavala",0,0
"Issaquena",0,0
"Sharkey",0,0
"Lincoln",0,0
"McDuffie",0,0
"Allen",0,0
"Grundy",0,0
"Floyd",0,0
"Union",0,0
"Benton",0,0
"Palo Alto",0,0
"Emmet",0,0
"Decatur",0,0
"Ringgold",0,0
"Warren",0,0
"King and Queen",0,0
"Forest",0,0
"Clay",0,0
"Columbia",0,0
"Wallowa",0,0
"Lawrence",0,0
"Morgan",0,0
"Clay",0,0
"Fayette",0,0
"Monroe",0,0
"Walsh",0,0
"Pembina",0,0
"Greeley",0,0
"Hamilton",0,0
"Dade",0,0
"Jasper",0,0
"Greene",0,0
"Orange",0,0
"Crawford",0,0
"Faribault",0,0
"Worth",0,0
"Buchanan",0,0
"Otero",0,0
"Douglas",0,0
"Texas",0,0
"Ohio",0,0
"Caldwell",0,0
"Jackson",0,0
"Pondera",0,0
"Union",0,0
"Cheyenne",0,0
"Banner",0,0
"Goshen",0,0
"Sioux",0,0
"Talbot",0,0
"Sargent",0,0
"Dickey",0,0
"Sibley",0,0
"Lamar",0,0
"Craig",0,0
"Cherokee",0,0
"Bond",0,0
"Pontotoc",0,0
"Houston",0,0
"Miner",0,0
"McCook",0,0
"Moody",0,0
"Franklin",0,0
"Pope",0,0
"Gonzales",0,0
"Armstrong",0,0
"Briscoe",0,0
"Iron",0,0
"Ontonagon",0,0
"Union",0,0
"Claiborne",0,0
"Juniata",0,0
"Stone",0,0
"Van Buren",0,0
"Lake",0,0
"Hamilton",0,0
"Alleghany",0,0
"Craig",0,0
"Harrison",0,0
"Burke",0,0
"Houston",0,0
"Madison",0,0
"Laclede",0,0
"Dillon",0,0
"Alcona",0,0
"Searcy",0,0
"Atchison",0,0
"Fremont",0,0
"Holt",0,0
"Cameron",0,0
"Jerauld",0,0
"Brule",0,0
"Charles Mix",0,0
"Warren",0,0
"White",0,0
"Osage",0,0
"Marion",0,0
"Webster",0,0
"Cottonwood",0,0
"Fayette",0,0
"Monroe",0,0
"Conecuh",0,0
"Wilcox",0,0
"Carroll",0,0
"Montgomery",0,0
"Kearney",0,0
"Teton",0,0
"Polk",0,0
"Sevier",0,0
"Washakie",0,0
"Vernon",0,0
"Madison",0,0
"Iron",0,0
"Leon",0,0
"Trego",0,0
"Rush",0,0
"Stanton",0,0
"Jackson",0,0
"Watonwan",0,0
"Hughes",0,0
"Coal",0,0
"Crane",0,0
"Upton",0,0
"Choctaw",0,0
"Grundy",0,0
"Livingston",0,0
"Lake",0,0
"Osceola",0,0
"Gallatin",0,0
"Tishomingo",0,0
"Hardin",0,0
"Tippah",0,0
"Jackson",0,0
"Custer",0,0
"Adams",0,0
"Madison",0,0
"Glades",0,0
"Archuleta",0,0
"Rio Grande",0,0
"Costilla",0,0
"Howard",0,0
"Antrim",0,0
"Marlboro",0,0
"Anson",0,0
"Benewah",0,0
"Nemaha",0,0
"Roscommon",0,0
"Sierra",0,0
"Howard",0,0
"Chickasaw",0,0
"Clayton",0,0
"Mercer",0,0
"Luce",0,0
"Schoolcraft",0,0
"Murray",0,0
"Chicot",0,0
"Hampshire",0,0
"Morgan",0,0
"Fulton",0,0
"Clay",0,0
"Jack",0,0
"Idaho",0,0
"Washington",0,0
"Eastland",0,0
"Callahan",0,0
"Shackelford",0,0
"Haskell",0,0
"Brown",0,0
"Taliaferro",0,0
"Hancock",0,0
"Kendall",0,0
"Berrien",0,0
"Irwin",0,0
"Worth",0,0
"Turner",0,0
"Crisp",0,0
"Cook",0,0
"Clark",0,0
"Kingsbury",0,0
"Norman",0,0
"Campbell",0,0
"Union",0,0
"Grainger",0,0
"Emmons",0,0
"Logan",0,0
"Greene",0,0
"Green Lake",0,0
"Waushara",0,0
"Fulton",0,0
"Izard",0,0
"Maries",0,0
"Miller",0,0
"Alleghany",0,0
"Doniphan",0,0
"Andrew",0,0
"Burt",0,0
"Audubon",0,0
"Butler",0,0
"Lee",0,0
"Owsley",0,0
"Clay",0,0
"Patrick",0,0
"Montmorency",0,0
"Oscoda",0,0
"Colfax",0,0
"Washington",0,0
"Logan",0,0
"Scott",0,0
"Alexander",0,0
"Marshall",0,0
"Huerfano",0,0
"DeWitt",0,0
"Morgan",0,0
"Jackson",0,0
"Richland",0,0
"Edwards",0,0
"Wayne",0,0
"Wabash",0,0
"Liberty",0,0
"McMullen",0,0
"Duval",0,0
"Jim Hogg",0,0
"Brooks",0,0
"Pike",0,0
"Ralls",0,0
"Grant",0,0
"Franklin",0,0
"Madison",0,0
"East Carroll",0,0
"Claiborne",0,0
"Tensas",0,0
"Montgomery",0,0
"Northampton",0,0
"Osage",0,0
"Grant",0,0
"Pendleton",0,0
"Sutton",0,0
"Edwards",0,0
"Kinney",0,0
"Ozark",0,0
"Essex",0,0
"Treutlen",0,0
"Clay",0,0
"Vilas",0,0
"Forest",0,0
"Lake of the Woods",0,0
"Maverick",0,0
"Torrance",0,0
"Early",0,0
"Sheridan",0,0
"McHenry",0,0
"LaMoure",0,0
"Butte",0,0
"Kidder",0,0
"Wells",0,0
"Willacy",0,0
"Franklin",0,0
"Hamilton",0,0
"Perry",0,0
"Yell",0,0
"Sherman",0,0
"Cheyenne",0,0
"Rawlins",0,0
"Wayne",0,0
"Salem",0,0
"Gaines",0,0
"Martin",0,0
"Lafayette",0,0
"Lewis",0,0
"Benson",0,0
"Nelson",0,0
"Vinton",0,0
"Hocking",0,0
"Lowndes",0,0
"Andrews",0,0
"Deaf Smith",0,0
"Quay",0,0
"Oldham",0,0
"Saluda",0,0
"Screven",0,0
"Jenkins",0,0
"Camden",0,0
"Lynn",0,0
"Garza",0,0
"Abbeville",0,0
"Butte",0,0
"Crook",0,0
"Carter",0,0
"Fallon",0,0
"Bowman",0,0
"Randolph",0,0
"Clay",0,0
"Coosa",0,0
"Carter",0,0
"Lunenburg",0,0
"Charlotte",0,0
"Hawkins",0,0
"Surry",0,0
"Southampton",0,0
"Gates",0,0
"Wheeler",0,0
"White",0,0
"De Witt",0,0
"Shelby",0,0
"Sanpete",0,0
"Steele",0,0
"Ransom",0,0
"Pleasants",0,0
"Harper",0,0
"Woods",0,0
"Alfalfa",0,0
"Barber",0,0
"Elliott",0,0
"Chariton",0,0
"Saline",0,0
"Russell",0,0
"Macon",0,0
"Cleburne",0,0
"Adams",0,0
"Gem",0,0
"Hot Spring",0,0
"Schuyler",0,0
"Doña Ana",0,
"Griggs",0,0
"Barton",0,0
"Slope",0,0
"Richland",0,0
"Custer",0,0
"Garfield",0,0
"Sumter",0,0
"Kemper",0,0
"Marion",0,0
"Winston",0,0
"Stone",0,0
"Lamar",0,0
"Hanson",0,0
"Lincoln",0,0
"Kit Carson",0,0
"Terry",0,0
"Cherokee",0,0
"Yadkin",0,0
"Macon",0,0
"Wayne",0,0
"Reynolds",0,0
"Lafayette",0,0
"Columbia",0,0
"Tunica",0,0
"Quitman",0,0
"Tallahatchie",0,0
"Yalobusha",0,0
"Henderson",0,0
"Hardeman",0,0
"Greenlee",0,0
"Hidalgo",0,0
"Beckham",0,0
"Greer",0,0
"Harmon",0,0
"Childress",0,0
"Barton",0,0
"Cedar",0,0
"Edmunds",0,0
"Walworth",0,0
"Ziebach",0,0
"Dewey",0,0
"Haakon",0,0
"Perry",0,0
"Greene",0,0
"George",0,0
"Bollinger",0,0
"McDowell",0,0
"Mingo",0,0
"Wayne",0,0
"Pierce",0,0
"Allendale",0,0
"McIntosh",0,0
"Butler",0,0
"Polk",0,0
"Warren",0,0
"Monroe",0,0
"Lincoln",0,0
"Minidoka",0,0
"Motley",0,0
"Cottle",0,0
"Dickens",0,0
"Floyd",0,0
"Cotton",0,0
"Jewell",0,0
"Mitchell",0,0
"Cloud",0,0
"Marion",0,0
"Jo Daviess",0,0
"Lane",0,0
"Scott",0,0
"Stevens",0,0
"Rockcastle",0,0
"Barbour",0,0
"Lawrence",0,0
"Dawes",0,0
"Jackson",0,0
"Thurston",0,0
"Blaine",0,0
"Tucker",0,0
"Crawford",0,0
"Davis",0,0
"Monroe",0,0
"Wolfe",0,0
"Powell",0,0
"Adams",0,0
"Hettinger",0,0
"Perkins",0,0
"Sioux",0,0
"Van Buren",0,0
"Atkinson",0,0
"Comanche",0,0
"Monroe",0,0
"Kiowa",0,0
"Caswell",0,0
"Chattahoochee",0,0
"Appomattox",0,0
"Mora",0,0
"Greeley",0,0
"Boone",0,0
"Oregon",0,0
"Stewart",0,0
"Houston",0,0
"Sullivan",0,0
"Crosby",0,0
"Stanton",0,0
"Johnson",0,0
"Monroe",0,0
"Prairie",0,0
"Woodruff",0,0
"Dallas",0,0
"Pawnee",0,0
"Norton",0,0
"Phillips",0,0
"Graham",0,0
"Gove",0,0
"Logan",0,0
"St. Martin",0,0
"Gallatin",0,0
"Adair",0,0
"Graham",0,0
"Deuel",0,0
"Keith",0,0
"Perkins",0,0
"McPherson",0,0
"Decatur",0,0
"Red Willow",0,0
"Rock",0,0
"Hickman",0,0
"Humphreys",0,0
"Mason",0,0
"Grayson",0,0
"Sequatchie",0,0
"Bledsoe",0,0
"San Jacinto",0,0
"Aitkin",0,0
"Kanabec",0,0
"Alpine",0,0
"Dawson",0,0
"Bleckley",0,0
"Pulaski",0,0
"Dodge",0,0
"White",0,0
"Jefferson",0,0
"Price",0,0
"Langlade",0,0
"Menominee",0,0
"Lincoln",0,0
"Carroll",0,0
"Westmoreland",0,0
"Jefferson",0,0
"Van Buren",0,0
"Phelps",0,0
"Gosper",0,0
"Monroe",0,0
"Love",0,0
"Twiggs",0,0
"Swisher",0,0
"Newton",0,0
"Ness",0,0
"Jefferson",0,0
"Newton",0,0
"Neshoba",0,0
"Harrison",0,0
"Monroe",0,0
"Fayette",0,0
"Koochiching",0,0
"Power",0,0
"Caribou",0,0
"Jackson",0,0
"Charles City",0,0
"Choctaw",0,0
"Pope",0,0
"Hardin",0,0
"Arthur",0,0
"Allen",0,0
"Neosho",0,0
"Greenup",0,0
"Hitchcock",0,0
"Hayes",0,0
"Frontier",0,0
"Dundy",0,0
"Sedgwick",0,0
"Phillips",0,0
"Muhlenberg",0,0
"McLean",0,0
"Johnson",0,0
"Jones",0,0
"Billings",0,0
"Antelope",0,0
"Gasconade",0,0
"Edmonson",0,0
"Butler",0,0
"Tate",0,0
"Phillips",0,0
"Washita",0,0
"Kewaunee",0,0
"Carroll",0,0
"Brown",0,0
"Evans",0,0
"Knott",0,0
"Martin",0,0
"Wheeler",0,0
"Lenoir",0,0
"Wheeler",0,0
"Hemphill",0,0
"Roberts",0,0
"Lipscomb",0,0
"Beaver",0,0
"Seward",0,0
"Big Horn",0,0
"Big Horn",0,0
"Elk",0,0
"McKean",0,0
"Covington",0,0
"Brown",0,0
"Estill",0,0
"Collingsworth",0,0
"Colorado",0,0
"Lac qui Parle",0,0
"Grant",0,0
"Deuel",0,0
"Lincoln",0,0
"Candler",0,0
"Webster",0,0
"Jasper",0,0
"Jones",0,0
"Glasscock",0,0
"Sterling",0,0
"Mitchell",0,0
"Scurry",0,0
"Reagan",0,0
"Major",0,0
"Pend Oreille",0,0
"McLean",0,0
"Hancock",0,0
"Wright",0,0
"Sabine",0,0
"Crawford",0,0
"Pocahontas",0,0
"Bath",0,0
"Chickasaw",0,0
"Morehouse",0,0
"Comanche",0,0
"Somervell",0,0
"Cass",0,0
"Mineral",0,0
"Foster",0,0
"Adair",0,0
"Delaware",0,0
"San Saba",0,0
"Llano",0,0
"Warren",0,0
"Henderson",0,0
"Jackson",0,0
"Cross",0,0
"Marion",0,0
"Henry",0,0
"Madison",0,0
"Harney",0,0
"Adams",0,0
"Marquette",0,0
"Clark",0,0
"Knox",0,0
"Scotland",0,0
"Garrard",0,0
"Washington",0,0
"Marion",0,0
"LaSalle",0,0
"Worth",0,0
"Sherman",0,0
"Campbell",0,0
"Harding",0,0
"Adair",0,0
"Union",0,0
"Massac",0,0
"Bennett",0,0
"Brown",0,0
"Thomas",0,0
"Logan",0,0
"Merrick",0,0
"Carlisle",0,0
"Lawrence",0,0
"Winn",0,0
"Mercer",0,0
"Stark",0,0
"Stewart",0,0
"Randolph",0,0
"Clay",0,0
"Keokuk",0,0
"Greene",0,0
"Scott",0,0
"Trinity",0,0
"Bon Homme",0,0
"Attala",0,0
"Bourbon",0,0
"Cumberland",0,0
"Logan",0,0
"Wyoming",0,0
"Boone",0,0
"Mitchell",0,0
"Murray",0,0
"Prentiss",0,0
"Emanuel",0,0
"Catahoula",0,0
"Pawnee",0,0
"Unicoi",0,0
"Webster",0,0
"Braxton",0,0
"Clay",0,0
"Nicholas",0,0
"Hickory",0,0
"Little River",0,0
"Lincoln",0,0
"Amite",0,0
"Pike",0,0
"Walthall",0,0
"Valley",0,0
"Lemhi",0,0
"Hancock",0,0
"Ohio",0,0
"Montgomery",0,0
"Perry",0,0
"De Baca",0,0
"Roosevelt",0,0
"Pike",0,0
"Pickens",0,0
"Ellis",0,0
"Perry",0,0
"Grundy",0,0
"Rio Blanco",0,0
"Johnson",0,0
"Hinsdale",0,0
"Ouray",0,0
"Gray",0,0
"Donley",0,0
"Calhoun",0,0
"Wayne",0,0
"Morgan",0,0
"Perry",0,0
"Banks",0,0
"Pierce",0,0
"Wayne",0,0
"Johnston",0,0
"Atoka",0,0
"Lander",0,0
"Pershing",0,0
"Bracken",0,0
"Robertson",0,0
"Florence",0,0
"Wadena",0,0
"Carter",0,0
"Gilliam",0,0
"Boone",0,0
"Stonewall",0,0
"Jones",0,0
"Coleman",0,0
"Assumption",0,0
"Calhoun",0,0
"Garfield",0,0
"Roberts",0,0
"Pushmataha",0,0
"Clay",0,0
"Wagoner",0,0
"Ashley",0,0
"Drew",0,0
"Desha",0,0
"Lincoln",0,0
"Perry",0,0
"Irion",0,0
"Caldwell",0,0
"Meade",0,0
"Sheridan",0,0
"Grant",0,0
"Oneida",0,0
"Clearwater",0,0
"Harlan",0,0
"Smith",0,0
"Franklin",0,0
"St. Helena",0,0
"Montgomery",0,0
"Cleburne",0,0
"Long",0,0
"Asotin",0,0
"Traverse",0,0
"Wilkin",0,0
"Grant",0,0
"Cass",0,0
"Hart",0,0
"Elbert",0,0
"Barbour",0,0
"Bullock",0,0
"Morgan",0,0
"Sac",0,0
"Sevier",0,0
"Emery",0,0
"Ferry",0,0
"Wibaux",0,0
"Yellow Medicine",0,0
"Nolan",0,0
"Chautauqua",0,0
"Union",0,0
"Fannin",0,0
"Gilchrist",0,0
"Breathitt",0,0
"Ripley",0,0
"Culberson",0,0
"Sharp",0,0
"Tyrrell",0,0
"Waseca",0,0
"Tillman",0,0
"Monroe",0,0
"Switzerland",0,0
"Geneva",0,0
"Putnam",0,0
"LaSalle",0,0
"Morris",0,0
"Boise",0,0
"Perquimans",0,0
"Echols",0,0
"Hamilton",0,0
"Wilcox",0,0
"Red River",0,0
"Towns",0,0
"Smith",0,0
"Jasper",0,0
"Shoshone",0,0
"Floyd",0,0
"Union",0,0
"Crittenden",0,0
"Turner",0,0
"Hancock",0,0
"Williamsburg",0,0
"Marion",0,0
"Stoddard",0,0
"Dooly",0,0
"Claiborne",0,0
"Mills",0,0
"Noble",0,0
"Doddridge",0,0
"Roane",0,0
"Wirt",0,0
"Tyler",0,0
"Pratt",0,0
"Henry",0,0
"Gentry",0,0
"Blaine",0,0
"Daggett",0,0
"Guadalupe",0,0
"Fergus",0,0
"Golden Valley",0,0
"Fisher",0,0
"Sabine",0,0
"Bertie",0,0
"Rhea",0,0
"Greene",0,0
"Leslie",0,0
"Coke",0,0
"Overton",0,0
"Coffee",0,0
"Ware",0,0
"Grant",0,0
"Dixon",0,0
"Knox",0,0
"Lake",0,0
"Obion",0,0
"Hickman",0,0
"Clarke",0,0
"Garfield",0,0
"Jackson",0,0
"Carbon",0,0
"Cuming",0,0
"Appling",0,0
"Wayne",0,0
"Clarke",0,0
"Foard",0,0
"Knox",0,0
"Wright",0,0
"Hall",0,0
"Washburn",0,0
"Stanley",0,0
"Sully",0,0
"Ballard",0,0
"Archer",0,0
"Young",0,0
"Baylor",0,0
"San Augustine",0,0
"Storey",0,0
"Winston",0,0
"Mercer",0,0
"Wheeler",0,0
"Lewis",0,0
"Stevens",0,0
"Humphreys",0,0
"Holmes",0,0
"Clarke",0,0
"Chase",0,0
"Lyon",0,0
"Caldwell",0,0
"Trigg",0,0
"Aurora",0,0
"Franklin",0,0
"Chippewa",0,0
"Hampton",0,0
"Fremont",0,0
"Dinwiddie",0,0
"Greensville",0,0
"Clinch",0,0
"Green",0,0
"Hart",0,0
"Lincoln",0,0
"Calhoun",0,0
"Noxubee",0,0
"Judith Basin",0,0
"Taylor",0,0
"Dickenson",0,0
"Amelia",0,0
"Randolph",0,0
"Weston",0,0
"Custer",0,0
"Camp",0,0
"Jefferson",0,0
"Ritchie",0,0
"Gilmer",0,0
"Freestone",0,0
"Runnels",0,0
"Thomas",0,0
"Jeff Davis",0,0
"Leflore",0,0
"Parmer",0,0
"Coahoma",0,0
"Ottawa",0,0
"Pawnee",0,0
"Jasper",0,0
"Piute",0,0
"Garfield",0,0
"Beaver",0,0
"Polk",0,0
"Murray",0,0
"Ben Hill",0,0
"Telfair",0,0
"Lee",0,0
"Lanier",0,0
"Cumberland",0,0
"Quitman",0,0
"Pulaski",0,0
"Okfuskee",0,0
"Lewis",0,0
"Sullivan",0,0
"Chase",0,0
"Throckmorton",0,0
"Oglethorpe",0,0
"Pine",0,0
"Wilson",0,0
"Elk",0,0
"Grant",0,0
"Arenac",0,0
"Osborne",0,0
"Lincoln",0,0
"Ellsworth",0,0
"Yates",0,0
"Meigs",0,0
"Gilpin",0,0
"Hardy",0,0
"Haskell",0,0
"Summers",0,0
"Linn",0,0
"Montgomery",0,0
"Sherman",0,0
"Buffalo",0,0
"Lyman",0,0
"Gregory",0,0
"Ward",0,0
"Park",0,0
"Yancey",0,0
"Red River",0,0
"Warren",0,0
"Hardeman",0,0
"Ste. Genevieve",0,0
"Grayson",0,0
"Heard",0,0
"Clark",0,0
"Haskell",0,0
"Bienville",0,0
"Howard",0,0
"Ochiltree",0,0
"Live Oak",0,0
"Dewey",0,0
"Howard",0,0
"Nevada",0,0
"Washington",0,0
"Real",0,0
"Magoffin",0,0
"Bailey",0,0
"Gladwin",0,0
"Larue",0,0
"Ida",0,0
"Alexander",0,0
"Union",0,0
"Union",0,0
"Clay",0,0
"Potter",0,0
"Kingman",0,0
"Rabun",0,0
"Upshur",0,0
"Rockbridge",0,0
"Towner",0,0
"McCone",0,0
"Fall River",0,0
"Kittson",0,0
"Sullivan",0,0
"Brooks",0,0
"Stafford",0,0
"Rice",0,0
"Livingston",0,0
"Henry",0,0
"Bamberg",0,0
"Duchesne",0,0
"Uintah",0,0
"Morgan",0,0
"Benton",0,0
"Osceola",0,0
"Lee",0,0
"Johnson",0,0
"Kalkaska",0,0
"Hyde",0,0
"Clarendon",0,0
"Stillwater",0,0
"Todd",0,0
"Weakley",0,0
"Carroll",0,0
"Breckinridge",0,0
"Grenada",0,0
"Grand Isle",0,0
"Nelson",0,0
"Okeechobee",0,0
"Grant",0,0
"Choctaw",0,0
"Dickinson",0,0
"Roger Mills",0,0
"Richland",0,0
"Cochran",0,0
"Lamar",0,0
"Madison",0,0
"Fluvanna",0,0
"Madison",0,0
"Dallas",0,0
"Jackson",0,0
"Johnson",0,0
"Carter",0,0
"Mississippi",0,0
"Fulton",0,0
"New Madrid",0,0
"Calhoun",0,0
"Cleveland",0,0
"Appanoose",0,0
"Schuyler",0,0
"Franklin",0,0
"Kimble",0,0
"Concho",0,0
"McCulloch",0,0
"Kent",0,0
"Teton",0,0
"Garden",0,0
"Hudspeth",0,0
"Loving",0,0
"Edwards",0,0
"Menard",0,0
"Taylor",0,0
"Hamlin",0,0
"Lawrence",0,0
"Pike",0,0
"Wilkinson",0,0
"Leake",0,0
"Clay",0,0
"Seminole",0,0
"Mathews",0,0
"La Salle",0,0
"Powder River",0,0
"Pepin",0,0
"Macon",0,0
"Lamb",0,0
"Kiowa",0,0
"Daviess",0,0
"Miller",0,0
"Hansford",0,0
"Hutchinson",0,0
"Morton",0,0
"Texas",0,0
"Adams",0,0
"Harper",0,0
"Monona",0,0
"Humboldt",0,0
"Shelby",0,0
"Washington",0,0
"Washington",0,0
"Missaukee",0,0
"Shannon",0,0
"McIntosh",0,0
"Golden Valley",0,0
"Niobrara",0,0
"Renville",0,0
"Hooker",0,0
"Carbon",0,0
"Hand",0,0
"Union",0,0
"Cimarron",0,0
"Dallam",0,0
"King",0,0
"Yoakum",0,0
"Louisa",0,0
"Noble",0,0
"Mahnomen",0,0
"Borden",0,0
"Sunflower",0,0
"Richardson",0,0
"Baker",0,0
"Anderson",0,0
"McNairy",0,0
"Trimble",0,0
"Nemaha",0,0
"Harlan",0,0
"Sheridan",0,0
"Furnas",0,0
"Dunn",0,0
"Fentress",0,0
"Meigs",0,0
"Grant",0,0
"Spink",0,0
"Trinity",0,0
"Mitchell",0,0
"McCreary",0,0
"Pendleton",0,0
"Spencer",0,0
"Valley",0,0
"Castro",0,0
"Letcher",0,0
"Mason",0,0
"Jefferson",0,0
"Rolette",0,0
"Treasure",0,0
"Benton",0,0
"Kearny",0,0
"Jasper",0,0
"McCormick",0,0
"Skamania",0,0
"Iron",0,0
"West Carroll",0,0
"Liberty",0,0
"Hodgeman",0,0
"Gray",0,0
"Meade",0,0
"Adams",0,0
"Itawamba",0,0
"Faulk",0,0
"Moore",0,0
"Concordia",0,0
"Brooke",0,0
"Calhoun",0,0
"Bland",0,0
"Lincoln",0,0
"Conejos",0,0
"Wayne",0,0
"Gooding",0,0
"Lauderdale",0,0
"Putnam",0,0
"Chowan",0,0
"Marion",0,0
"Crowley",0,0
"Curry",0,0
"Bradley",0,0
"Hamilton",0,0
"Powell",0,0
"Jefferson",0,0
"Broadwater",0,0
"Deer Lodge",0,0
"Granite",0,0
"Beaverhead",0,0
"Bacon",0,0
"Wheatland",0,0
"Cannon",0,0
"Menifee",0,0
"McPherson",0,0
"Swift",0,0
"Tattnall",0,0
"Stephens",0,0
"Martin",0,0
"Wilkes",0,0
"Lavaca",0,0
"Nowata",0,0
"Glascock",0,0
"Shannon",0,0
"Marshall",0,0
"Madison",0,0
"Wichita",0,0
"Cedar",0,0
"Petroleum",0,0
"Carroll",0,0
"Thayer",0,0
"Crockett",0,0
"Gibson",0,0
"Linn",0,0
"Franklin",0,0
"Pierce",0,0
"Carroll",0,0
"Goliad",0,0
"Carson",0,0
"Grant",0,0
"Lee",0,0
"Sierra",0,0
"Morrill",0,0
"Pike",0,0
"Dent",0,0
"Morris",0,0
"Jefferson",0,0
"St. Clair",0,0
"Phillips",0,0
"Mercer",0,0
"Day",0,0
"DeKalb",0,0
"Dade",0,0
"Dolores",0,0
"Crenshaw",0,0
"Clearwater",0,0
"Rooks",0,0
"Hamilton",0,0
"Loup",0,0
"Bibb",0,0
"Chilton",0,0
"Big Stone",0,0
"Highland",0,0
"Sherman",0,0
"Calhoun",0,0
"Sublette",0,0
"Fleming",0,0
"Tripp",0,0
"Guthrie",0,0
"Sanborn",0,0
"Montgomery",0,0
"Jefferson Davis",0,0
"Brunswick",0,0
"Lawrence",0,0
"Eddy",0,0
"Juneau",0,0
"Scott",0,0
"Corson",0,0
"Barnwell",0,0
"Decatur",0,0
"Camas",0,0
"Grand",0,0
"Buffalo",0,0
"Lewis",0,0
"Redwood",0,0
"Gulf",0,0
"Newton",0,0
"Hockley",0,0
"Transylvania",0,0
"Casey",0,0
"Metcalfe",0,0
"Russell",0,0
"Owen",0,0
"Pemiscot",0,0
"Nance",0,0
"Bath",0,0
"Marshall",0,0
"Knox",0,0
"Allamakee",0,0
"Mason",0,0
"Clay",0,0
"Wabaunsee",0,0
"Nicholas",0,0
"Hartley",0,0
"Winnebago",0,0
"Zapata",0,0
"Colfax",0,0
"Lewis",0,0
"Madison",0,0
"Bates",0,0
"Johnson",0,0
"Jackson",0,0
"Franklin",0,0
"Webster",0,0
"Hempstead",0,0
"Webster",0,0
"Gilmer",0,0
"Wayne",0,0
"Harding",0,0
"Tyler",0,0
"Sanders",0,0
"La Paz",0,0
"Latimer",0,0
"Adams",0,0
"Esmeralda",0,0
"Anderson",0,0
"Keweenaw",0,0
"Glacier",0,0
"Roosevelt",0,0
"Oliver",0,0
"Piscataquis",0,0
"Mineral",0,0
"Dawson",0,0
"Red Lake",0,0
"Hot Springs",0,0
"Kalawao",0,0
"Dillingham",0,0
"Aleutians East",0,0
"Nome",0,0
"Aleutians West",0,0
"Yukon-Koyukuk",0,0
"Denali",0,0
"Hoonah-Angoon",0,0
"Lake and Peninsula",0,0
"Bristol Bay",0,0
"Petersburg",0,0
"Prince of Wales-Hyder",0,0
"Haines",0,0
"Skagway",0,0
"Southeast Fairbanks",0,0
"Northwest Arctic",0,0
"Wade Hampton",0,0
"Yakutat",0,0
"Wrangell",0,0
"Do��a Ana",,0
"McMinn",0.03,0.03
"Roane",0.04,0.04
"Dawson",0.04,0.04
"Greene",0.04,0.04
"Butts",0.04,0.04
"Upson",0.05,0.05
"Giles",0.05,0.05
"Logan",0.05,0.05
"Fayette",0.05,0.05
"Hendry",0.06,0.06
"Clarke",0.06,0.06
"Blount",0.06,0.06
"Buchanan",0.06,0.06
"Chesterfield",0.06,0.06
"Burke",0.07,0.07
"Macon",0.07,0.07
"Jones",0.07,0.07
"Wyoming",0.08,0.08
"Alcorn",0.08,0.08
"Putnam",0.08,0.08
"Macon",0.08,0.08
"Greene",0.08,0.08
"Randolph",0.08,0.08
"Marshall",0.08,0.08
"Hardee",0.08,0.08
"Door",0.09,0.09
"Polk",0.09,0.09
"Reeves",0.09,0.09
"Newton",0.09,0.09
"McLeod",0.09,0.09
"Rock",0.09,0.09
"Hoke",0.09,0.09
"Butler",0.09,0.09
"Colbert",0.09,0.09
"Stokes",0.09,0.09
"Meeker",0.09,0.09
"Marshall",0.09,0.09
"Chattooga",0.09,0.09
"Jefferson",0.09,0.09
"Lyon",0.1,0.1
"Orange",0.1,0.1
"Winkler",0.1,0.1
"Todd",0.1,0.1
"Custer",0.1,0.1
"Polk",0.1,0.1
"Stone",0.11,0.11
"Clinton",0.11,0.11
"Iowa",0.11,0.11
"Morrison",0.11,0.11
"DeKalb",0.12,0.12
"Routt",0.12,0.12
"Cheboygan",0.12,0.12
"Ford",0.12,0.12
"Benton",0.13,0.13
"Avery",0.13,0.13
"Converse",0.13,0.13
"Pender",0.13,0.13
"Lumpkin",0.13,0.13
"White Pine",0.14,0.14
"Lincoln",0.14,0.14
"Dickinson",0.14,0.14
"Paulding",0.14,0.14
"Waupaca",0.14,0.14
"Bedford",0.14,0.14
"Henry",0.15,0.15
"Haywood",0.15,0.15
"Baxter",0.15,0.15
"Bell",0.15,0.15
"Cherokee",0.15,0.15
"Camden",0.15,0.15
"Ramsey",0.15,0.15
"Roseau",0.16,0.16
"Bolivar",0.16,0.16
"Preston",0.16,0.16
"Vermillion",0.16,0.16
"Grand",0.16,0.16
"Jefferson",0.16,0.16
"Marshall",0.16,0.16
"Ogemaw",0.16,0.16
"Moniteau",0.16,0.16
"Montgomery",0.16,0.16
"Hamilton",0.16,0.16
"Anderson",0.16,0.16
"Bourbon",0.17,0.17
"Pottawatomie",0.17,0.17
"Richland",0.17,0.17
"Cooper",0.17,0.17
"Kossuth",0.18,0.18
"Shelby",0.18,0.18
"Hancock",0.18,0.18
"Simpson",0.18,0.18
"Douglas",0.19,0.19
"Wilkes",0.19,0.19
"Escambia",0.19,0.19
"Grant",0.19,0.19
"Scott",0.19,0.19
"Greene",0.19,0.19
"Luna",0.19,0.19
"Chester",0.19,0.19
"Seward",0.19,0.19
"Woodward",0.19,0.19
"Bee",0.19,0.19
"Grady",0.19,0.19
"Coffee",0.19,0.19
"Prowers",0.2,0.2
"McCurtain",0.2,0.2
"Barnes",0.2,0.2
"Del Norte",0.2,0.2
"Sampson",0.2,0.2
"Tama",0.2,0.2
"Inyo",0.21,0.21
"Putnam",0.21,0.21
"Marion",0.21,0.21
"Cedar",0.21,0.21
"Jefferson",0.21,0.21
"Fayette",0.21,0.21
"Marshall",0.21,0.21
"Franklin",0.22,0.22
"Hubbard",0.22,0.22
"Yazoo",0.22,0.22
"Greenbrier",0.22,0.22
"Georgetown",0.22,0.22
"Okanogan",0.23,0.23
"Walton",0.23,0.23
"Titus",0.23,0.23
"Duplin",0.23,0.23
"Crawford",0.23,0.23
"Ashe",0.23,0.23
"Moore",0.23,0.23
"Dukes",0.24,0.24
"Brown",0.24,0.24
"Franklin",0.24,0.24
"Traill",0.24,0.24
"Dawson",0.24,0.24
"Stephens",0.24,0.24
"Logan",0.24,0.24
"Columbus",0.24,0.24
"Baker",0.25,0.25
"Randolph",0.25,0.25
"Mahaska",0.25,0.25
"Ottawa",0.25,0.25
"Harrison",0.25,0.25
"Graves",0.25,0.25
"Rutherford",0.25,0.25
"Colusa",0.25,0.25
"Taylor",0.25,0.25
"Lawrence",0.26,0.26
"Walker",0.26,0.26
"Campbell",0.26,0.26
"Gallia",0.26,0.26
"Washington",0.27,0.27
"Uinta",0.27,0.27
"Montgomery",0.27,0.27
"Washington",0.27,0.27
"Franklin",0.27,0.27
"Sullivan",0.27,0.27
"Payette",0.27,0.27
"Oxford",0.27,0.27
"Lake",0.27,0.27
"Jefferson",0.28,0.28
"Fayette",0.28,0.28
"Henry",0.28,0.28
"Union",0.28,0.28
"Lincoln",0.29,0.29
"Dare",0.29,0.29
"Wakulla",0.29,0.29
"Putnam",0.29,0.29
"Pennington",0.29,0.29
"Kershaw",0.29,0.29
"Crawford",0.29,0.29
"Kingfisher",0.29,0.29
"Glenn",0.29,0.29
"Carbon",0.3,0.3
"Edgefield",0.3,0.3
"Baker",0.3,0.3
"Barren",0.3,0.3
"Swain",0.31,0.31
"Mason",0.31,0.31
"Fountain",0.31,0.31
"Manistee",0.31,0.31
"Haywood",0.31,0.31
"Logan",0.32,0.32
"Chambers",0.32,0.32
"Sumner",0.32,0.32
"Page",0.32,0.32
"Pettis",0.32,0.32
"Nacogdoches",0.32,0.32
"Bethel",0.32,0.32
"Crawford",0.33,0.33
"Morrow",0.33,0.33
"Seminole",0.33,0.33
"Garvin",0.33,0.33
"Cumberland",0.33,0.33
"O'Brien",0.33,0.33
"Hill",0.34,0.34
"Henry",0.34,0.34
"Wapello",0.34,0.34
"Baldwin",0.34,0.34
"Marion",0.34,0.34
"Polk",0.34,0.34
"Delaware",0.34,0.34
"Carlton",0.34,0.34
"Lucas",0.34,0.34
"Vermilion",0.35,0.35
"Cheyenne",0.35,0.35
"Nobles",0.35,0.35
"Clinton",0.35,0.35
"Morgan",0.35,0.35
"Morrow",0.35,0.35
"St. Francis",0.35,0.35
"Currituck",0.36,0.36
"Adams",0.36,0.36
"Crawford",0.36,0.36
"Menominee",0.37,0.37
"Scotland",0.37,0.37
"Labette",0.37,0.37
"Etowah",0.37,0.37
"Bedford",0.38,0.38
"Jackson",0.38,0.38
"Somerset",0.39,0.39
"Polk",0.39,0.39
"Ottawa",0.39,0.39
"Kleberg",0.39,0.39
"Taylor",0.39,0.39
"Cherokee",0.39,0.39
"Orleans",0.39,0.39
"Mercer",0.39,0.39
"Madison",0.39,0.39
"Charlevoix",0.4,0.4
"Walker",0.4,0.4
"Franklin",0.41,0.41
"Beaufort",0.42,0.42
"Greene",0.42,0.42
"Defiance",0.42,0.42
"Elbert",0.42,0.42
"Carroll",0.43,0.43
"Washington",0.43,0.43
"Buena Vista",0.44,0.44
"Wyoming",0.44,0.44
"Tipton",0.44,0.44
"Arkansas",0.45,0.45
"Jackson",0.45,0.45
"Catoosa",0.45,0.45
"Des Moines",0.45,0.45
"Copiah",0.46,0.46
"Cocke",0.46,0.46
"Calloway",0.46,0.46
"Tallapoosa",0.46,0.46
"Scott",0.46,0.46
"Brown",0.46,0.46
"Fulton",0.47,0.47
"Tillamook",0.47,0.47
"DeSoto",0.47,0.47
"Franklin",0.47,0.47
"LaGrange",0.47,0.47
"Mille Lacs",0.47,0.47
"Panola",0.47,0.47
"Warren",0.47,0.47
"Lyon",0.48,0.48
"Jasper",0.48,0.48
"Hardin",0.48,0.48
"Fillmore",0.49,0.49
"Bremer",0.49,0.49
"Hancock",0.49,0.49
"Atchison",0.49,0.49
"Crook",0.49,0.49
"Panola",0.49,0.49
"Plymouth",0.49,0.49
"White",0.5,0.5
"Pearl River",0.5,0.5
"Mason",0.5,0.5
"Hertford",0.5,0.5
"Warren",0.5,0.5
"Poinsett",0.5,0.5
"Harris",0.51,0.51
"Carroll",0.51,0.51
"McPherson",0.51,0.51
"Bryan",0.51,0.51
"Bulloch",0.51,0.51
"Dunklin",0.51,0.51
"Jay",0.52,0.52
"Summit",0.52,0.52
"Hale",0.52,0.52
"Colleton",0.52,0.52
"Limestone",0.52,0.52
"Fairfield",0.52,0.52
"DeKalb",0.54,0.54
"Sandusky",0.54,0.54
"Dyer",0.54,0.54
"Jackson",0.55,0.55
"Williams",0.55,0.55
"Hood",0.55,0.55
"Oconee",0.55,0.55
"Franklin",0.55,0.55
"Nicollet",0.55,0.55
"Loudon",0.56,0.56
"Finney",0.56,0.56
"Le Flore",0.57,0.57
"Boyle",0.57,0.57
"Colquitt",0.57,0.57
"Mountrail",0.57,0.57
"Wasco",0.57,0.57
"Nelson",0.57,0.57
"Coshocton",0.57,0.57
"Cibola",0.58,0.58
"Rio Arriba",0.58,0.58
"Lincoln",0.58,0.58
"Adams",0.59,0.59
"Wood",0.6,0.6
"Monroe",0.6,0.6
"Johnson",0.61,0.61
"Mifflin",0.61,0.61
"Elmore",0.61,0.61
"Jim Wells",0.61,0.61
"Crawford",0.62,0.62
"Palo Pinto",0.62,0.62
"Rogers",0.62,0.62
"Dallas",0.62,0.62
"Val Verde",0.62,0.62
"Freeborn",0.63,0.63
"Cass",0.63,0.63
"Lawrence",0.64,0.64
"Randolph",0.65,0.65
"Fulton",0.65,0.65
"Cassia",0.65,0.65
"Holmes",0.65,0.65
"Oktibbeha",0.65,0.65
"Fulton",0.65,0.65
"Lee",0.65,0.65
"Okmulgee",0.66,0.66
"Ray",0.66,0.66
"Lampasas",0.66,0.66
"Clear Creek",0.67,0.67
"Le Sueur",0.67,0.67
"Pope",0.67,0.67
"Emmet",0.67,0.67
"Essex",0.68,0.68
"Jerome",0.68,0.68
"Wilkinson",0.68,0.68
"Hopkins",0.68,0.68
"Effingham",0.68,0.68
"Lafayette",0.69,0.69
"Person",0.69,0.69
"Pike",0.69,0.69
"St. Francois",0.69,0.69
"Citrus",0.7,0.7
"Toombs",0.7,0.7
"Snyder",0.7,0.7
"Mississippi",0.7,0.7
"Cherokee",0.7,0.7
"Galax",0.7,0.7
"McDonald",0.71,0.71
"Fayette",0.71,0.71
"Wabash",0.73,0.73
"Kay",0.73,0.73
"Humboldt",0.73,0.73
"Bladen",0.73,0.73
"Brown",0.73,0.73
"Henry",0.74,0.74
"Laurens",0.74,0.74
"Mayes",0.74,0.74
"Carter",0.75,0.75
"Poweshiek",0.75,0.75
"Autauga",0.75,0.75
"Mills",0.75,0.75
"Lincoln",0.75,0.75
"Mecosta",0.75,0.75
"North Slope",0.75,0.75
"Russell",0.76,0.76
"Box Butte",0.76,0.76
"Peach",0.76,0.76
"Hillsdale",0.76,0.76
"Muskingum",0.76,0.76
"Covington",0.76,0.76
"Franklin",0.77,0.77
"Henry",0.77,0.77
"Stephens",0.77,0.77
"Noble",0.77,0.77
"Clarion",0.78,0.78
"Davison",0.78,0.78
"Lapeer",0.78,0.78
"Boone",0.78,0.78
"Marion",0.78,0.78
"Sumter",0.79,0.79
"Natchitoches",0.79,0.79
"Lincoln",0.79,0.79
"Whitley",0.79,0.79
"Sequoyah",0.8,0.8
"Perry",0.8,0.8
"Marion",0.8,0.8
"Caldwell",0.8,0.8
"Van Zandt",0.8,0.8
"Clay",0.8,0.8
"Rowan",0.8,0.8
"Somerset",0.8,0.8
"Clinton",0.81,0.81
"Lincoln",0.81,0.81
"Pitkin",0.82,0.82
"Tioga",0.82,0.82
"Bryan",0.82,0.82
"Boone",0.83,0.83
"Lake",0.83,0.83
"Shelby",0.83,0.83
"Cerro Gordo",0.83,0.83
"Huntingdon",0.85,0.85
"Scott",0.85,0.85
"Trempealeau",0.85,0.85
"Platte",0.86,0.86
"Iroquois",0.87,0.87
"Mineral",0.87,0.87
"White",0.87,0.87
"Polk",0.87,0.87
"Wells",0.88,0.88
"Ellis",0.88,0.88
"Wilson",0.88,0.88
"Macoupin",0.88,0.88
"Washington",0.88,0.88
"Knox",0.88,0.88
"Robeson",0.89,0.89
"Marshall",0.89,0.89
"Jackson",0.89,0.89
"Sagadahoc",0.9,0.9
"Evangeline",0.9,0.9
"Lyon",0.9,0.9
"Saline",0.9,0.9
"Karnes",0.91,0.91
"Woodford",0.92,0.92
"Gogebic",0.92,0.92
"De Soto",0.92,0.92
"Santa Cruz",0.92,0.92
"Robertson",0.92,0.92
"Habersham",0.93,0.93
"Jessamine",0.93,0.93
"Garrett",0.93,0.93
"Thomas",0.93,0.93
"Ravalli",0.93,0.93
"Montgomery",0.94,0.94
"Webster",0.94,0.94
"Henderson",0.94,0.94
"Dodge",0.95,0.95
"Elmore",0.96,0.96
"Tehama",0.96,0.96
"Kauai",0.96,0.96
"Pointe Coupee",0.97,0.97
"Cattaraugus",0.97,0.97
"Pike",0.97,0.97
"Jones",0.97,0.97
"Columbiana",0.98,0.98
"Lamoille",0.98,0.98
"Seneca",0.98,0.98
"Vernon",0.98,0.98
"Shawano",0.99,0.99
"Aransas",1,1
"Norton",1,1
"Rusk",1,1
"Newberry",1,1
"Pulaski",1,1
"Kent",1.01,1.01
"Union",1.01,1.01
"Montezuma",1.01,1.01
"Grant",1.02,1.02
"Valdez-Cordova",1.02,1.02
"Independence",1.03,1.03
"Jefferson Davis",1.03,1.03
"Pontotoc",1.03,1.03
"St. Clair",1.04,1.04
"Henderson",1.04,1.04
"Calumet",1.04,1.04
"Nash",1.04,1.04
"Jackson",1.05,1.05
"Cherokee",1.05,1.05
"Cullman",1.05,1.05
"Caldwell",1.06,1.06
"Nodaway",1.07,1.07
"Creek",1.07,1.07
"Decatur",1.07,1.07
"Grundy",1.08,1.08
"Richland",1.08,1.08
"Upshur",1.08,1.08
"Mercer",1.09,1.09
"Gage",1.09,1.09
"Montrose",1.1,1.1
"McDonough",1.1,1.1
"Grant",1.11,1.11
"Fulton",1.11,1.11
"Lea",1.11,1.11
"Garfield",1.12,1.12
"Chaffee",1.12,1.12
"St. James",1.12,1.12
"Wabasha",1.12,1.12
"Union",1.13,1.13
"Russell",1.13,1.13
"St. Joseph",1.14,1.14
"Flagler",1.14,1.14
"Wythe",1.15,1.15
"Dallas",1.15,1.15
"Levy",1.16,1.16
"Morgan",1.16,1.16
"Harnett",1.16,1.16
"Troup",1.17,1.17
"Cape May",1.17,1.17
"Starke",1.17,1.17
"Wharton",1.17,1.17
"Pittsylvania",1.17,1.17
"Montague",1.17,1.17
"Ford",1.18,1.18
"Scioto",1.18,1.18
"Darke",1.18,1.18
"McKenzie",1.18,1.18
"Grady",1.18,1.18
"Rockingham",1.19,1.19
"Jasper",1.19,1.19
"Caledonia",1.19,1.19
"Howell",1.19,1.19
"Bullitt",1.19,1.19
"Vance",1.19,1.19
"Parker",1.2,1.2
"Douglas",1.2,1.2
"Osage",1.2,1.2
"Kodiak Island",1.2,1.2
"Wyandot",1.21,1.21
"Butler",1.21,1.21
"Benton",1.21,1.21
"Hamblen",1.21,1.21
"Clark",1.23,1.23
"Lamar",1.24,1.24
"Perry",1.24,1.24
"Geary",1.24,1.24
"Rankin",1.24,1.24
"Mercer",1.24,1.24
"Belmont",1.24,1.24
"Nottoway",1.24,1.24
"Burleson",1.24,1.24
"Marshall",1.25,1.25
"Belknap",1.25,1.25
"Clatsop",1.26,1.26
"Pulaski",1.26,1.26
"Montcalm",1.26,1.26
"Saline",1.27,1.27
"Kandiyohi",1.27,1.27
"Tuscola",1.27,1.27
"Brunswick",1.28,1.28
"Carroll",1.28,1.28
"Itasca",1.28,1.28
"Seneca",1.28,1.28
"Tift",1.29,1.29
"Lauderdale",1.29,1.29
"McDowell",1.29,1.29
"Bureau",1.3,1.3
"Hopkins",1.3,1.3
"Charlotte",1.3,1.3
"Lincoln",1.31,1.31
"Warren",1.31,1.31
"Davidson",1.31,1.31
"Webster",1.31,1.31
"Whiteside",1.31,1.31
"Harrison",1.32,1.32
"Crittenden",1.32,1.32
"Moffat",1.33,1.33
"Cooke",1.33,1.33
"Johnson",1.34,1.34
"Iosco",1.34,1.34
"Churchill",1.34,1.34
"Crawford",1.34,1.34
"Park",1.35,1.35
"Posey",1.35,1.35
"Jefferson",1.35,1.35
"Pickaway",1.35,1.35
"Clinton",1.35,1.35
"Ashland",1.36,1.36
"Carroll",1.36,1.36
"Siskiyou",1.36,1.36
"Greene",1.39,1.39
"Miller",1.39,1.39
"Amherst",1.4,1.4
"Edgar",1.4,1.4
"Jackson",1.4,1.4
"Coryell",1.41,1.41
"Cass",1.41,1.41
"Lawrence",1.41,1.41
"DeKalb",1.42,1.42
"Cowley",1.42,1.42
"Shiawassee",1.42,1.42
"Hardin",1.42,1.42
"Cheatham",1.43,1.43
"Tipton",1.43,1.43
"Calaveras",1.43,1.43
"Acadia",1.44,1.44
"Northumberland",1.45,1.45
"Sevier",1.45,1.45
"Huron",1.45,1.45
"Steuben",1.46,1.46
"Santa Rosa",1.46,1.46
"Davie",1.46,1.46
"Sumter",1.47,1.47
"Greene",1.47,1.47
"Dodge",1.47,1.47
"Beauregard",1.47,1.47
"Williams",1.48,1.48
"Armstrong",1.49,1.49
"Victoria",1.49,1.49
"Cass",1.49,1.49
"Polk",1.49,1.49
"Robertson",1.5,1.5
"Essex",1.5,1.5
"Bradford",1.5,1.5
"Kendall",1.51,1.51
"Grimes",1.51,1.51
"Navarro",1.51,1.51
"Hancock",1.52,1.52
"Hancock",1.52,1.52
"Marshall",1.52,1.52
"Cleveland",1.52,1.52
"Franklin",1.52,1.52
"Custer",1.52,1.52
"Park",1.52,1.52
"Plaquemines",1.53,1.53
"Oldham",1.54,1.54
"Spalding",1.54,1.54
"Lee",1.55,1.55
"Conway",1.55,1.55
"Clark",1.55,1.55
"Butler",1.56,1.56
"Decatur",1.57,1.57
"Rush",1.57,1.57
"Pottawatomie",1.57,1.57
"Clinton",1.57,1.57
"Chippewa",1.57,1.57
"Washington",1.57,1.57
"Livingston",1.57,1.57
"Nye",1.58,1.58
"Gibson",1.58,1.58
"Walworth",1.58,1.58
"Miami",1.58,1.58
"Milam",1.58,1.58
"Delta",1.58,1.58
"St. John the Baptist",1.59,1.59
"Harrison",1.59,1.59
"Taos",1.59,1.59
"Pickens",1.59,1.59
"Shenandoah",1.59,1.59
"Lake",1.59,1.59
"Manitowoc",1.59,1.59
"Champaign",1.6,1.6
"Talladega",1.6,1.6
"Lowndes",1.6,1.6
"Geauga",1.6,1.6
"Queen Anne's",1.61,1.61
"Christian",1.61,1.61
"Cass",1.61,1.61
"Wayne",1.61,1.61
"Gila",1.61,1.61
"Stark",1.62,1.62
"Graham",1.62,1.62
"Union",1.62,1.62
"Union",1.62,1.62
"Sioux",1.62,1.62
"Caroline",1.63,1.63
"Stevens",1.63,1.63
"Muscatine",1.63,1.63
"Tooele",1.63,1.63
"Moultrie",1.64,1.64
"Iberia",1.64,1.64
"Gillespie",1.64,1.64
"Monroe",1.65,1.65
"Clinton",1.65,1.65
"Crawford",1.65,1.65
"Barrow",1.66,1.66
"Meriwether",1.66,1.66
"Valencia",1.66,1.66
"Randolph",1.67,1.67
"Taney",1.67,1.67
"Wayne",1.67,1.67
"Montour",1.67,1.67
"Bristol",1.68,1.68
"Orange",1.68,1.68
"Greenwood",1.68,1.68
"Leelanau",1.69,1.69
"Walton",1.69,1.69
"Lee",1.69,1.69
"Lauderdale",1.69,1.69
"Halifax",1.7,1.7
"Austin",1.7,1.7
"Lincoln",1.71,1.71
"Marinette",1.71,1.71
"Chemung",1.74,1.74
"Green",1.75,1.75
"Fremont",1.76,1.76
"Oceana",1.76,1.76
"Oconto",1.76,1.76
"Waller",1.77,1.77
"Spencer",1.78,1.78
"Clay",1.78,1.78
"Harrison",1.78,1.78
"West Baton Rouge",1.79,1.79
"Coweta",1.8,1.8
"Wayne",1.8,1.8
"Fond du Lac",1.81,1.81
"Craven",1.82,1.82
"Lincoln",1.82,1.82
"Lyon",1.82,1.82
"Malheur",1.83,1.83
"Ashtabula",1.83,1.83
"Richmond",1.83,1.83
"Granville",1.83,1.83
"Waldo",1.84,1.84
"Sanilac",1.84,1.84
"Scotts Bluff",1.84,1.84
"Calvert",1.84,1.84
"Carteret",1.85,1.85
"Coos",1.85,1.85
"Burnet",1.85,1.85
"Johnston",1.85,1.85
"Starr",1.85,1.85
"Douglas",1.86,1.86
"Winneshiek",1.87,1.87
"Scott",1.87,1.87
"Maui",1.87,1.87
"Floyd",1.88,1.88
"Huron",1.88,1.88
"Douglas",1.89,1.89
"Burke",1.89,1.89
"Modoc",1.9,1.9
"Eagle",1.9,1.9
"Bonner",1.9,1.9
"Tuscarawas",1.9,1.9
"Laurens",1.9,1.9
"Horry",1.9,1.9
"Gordon",1.91,1.91
"Bradley",1.91,1.91
"Kenai Peninsula",1.91,1.91
"Caddo",1.93,1.93
"Monroe",1.93,1.93
"Hardin",1.94,1.94
"Cass",1.94,1.94
"Calhoun",1.94,1.94
"Lewis",1.95,1.95
"Columbia",1.95,1.95
"Campbell",1.95,1.95
"Putnam",1.95,1.95
"Warren",1.96,1.96
"Sussex",1.97,1.97
"Carbon",1.97,1.97
"Forsyth",1.97,1.97
"Bartow",1.98,1.98
"Trumbull",1.98,1.98
"Eddy",1.98,1.98
"Highlands",1.99,1.99
"Pierce",2,2
"Liberty",2,2
"Douglas",2,2
"Franklin",2,2
"Prince Edward",2,2
"Klamath",2.01,2.01
"Randall",2.01,2.01
"Whitley",2.01,2.01
"Fairfield",2.02,2.02
"Lincoln",2.02,2.02
"Chautauqua",2.03,2.03
"Herkimer",2.04,2.04
"Lafourche",2.05,2.05
"Clearfield",2.05,2.05
"Shelby",2.05,2.05
"Morgan",2.05,2.05
"Glynn",2.06,2.06
"Darlington",2.06,2.06
"Wexford",2.06,2.06
"Moore",2.07,2.07
"Saline",2.07,2.07
"Surry",2.07,2.07
"Lawrence",2.08,2.08
"Kaufman",2.08,2.08
"Warren",2.09,2.09
"Frio",2.09,2.09
"Floyd",2.09,2.09
"St. Mary",2.12,2.12
"Warrick",2.12,2.12
"Paulding",2.12,2.12
"Saunders",2.12,2.12
"Ector",2.12,2.12
"Clinton",2.13,2.13
"Lenawee",2.13,2.13
"Tangipahoa",2.14,2.14
"Edgecombe",2.15,2.15
"Howard",2.15,2.15
"Umatilla",2.17,2.17
"Isabella",2.17,2.17
"Talbot",2.18,2.18
"Jefferson",2.18,2.18
"Kerr",2.18,2.18
"Randolph",2.19,2.19
"Baldwin",2.19,2.19
"Somerset",2.19,2.19
"Grayson",2.2,2.2
"Fayette",2.2,2.2
"Guernsey",2.2,2.2
"Ionia",2.2,2.2
"Kankakee",2.21,2.21
"Lawrence",2.22,2.22
"Cayuga",2.22,2.22
"Marion",2.22,2.22
"Josephine",2.22,2.22
"Ogle",2.22,2.22
"DeSoto",2.23,2.23
"Lonoke",2.24,2.24
"Wright",2.24,2.24
"Halifax",2.24,2.24
"Hernando",2.25,2.25
"Uvalde",2.25,2.25
"Clay",2.25,2.25
"Mohave",2.25,2.25
"Adams",2.25,2.25
"Windham",2.26,2.26
"Beaufort",2.26,2.26
"Wilson",2.26,2.26
"Manatee",2.27,2.27
"Porter",2.28,2.28
"Knox",2.28,2.28
"Dubois",2.29,2.29
"Niagara",2.29,2.29
"Boyd",2.29,2.29
"Johnson",2.3,2.3
"Morgan",2.3,2.3
"Mariposa",2.3,2.3
"Shelby",2.3,2.3
"Anderson",2.31,2.31
"Dorchester",2.32,2.32
"Sumner",2.32,2.32
"Ascension",2.32,2.32
"Rockwall",2.33,2.33
"Martin",2.33,2.33
"Yankton",2.33,2.33
"Dakota",2.34,2.34
"Chisago",2.35,2.35
"Morton",2.35,2.35
"Coffee",2.36,2.36
"Preble",2.36,2.36
"Morgan",2.36,2.36
"Huntington",2.37,2.37
"Rice",2.37,2.37
"Elko",2.38,2.38
"Warren",2.38,2.38
"Winona",2.38,2.38
"Garland",2.38,2.38
"Lee",2.38,2.38
"Jefferson",2.4,2.4
"Louisa",2.4,2.4
"Buckingham",2.41,2.41
"Chester",2.43,2.43
"Wilson",2.45,2.45
"Gregg",2.45,2.45
"Amador",2.46,2.46
"Schuyler",2.47,2.47
"Chaves",2.47,2.47
"Waynesboro",2.48,2.48
"Crow Wing",2.48,2.48
"Franklin",2.48,2.48
"Genesee",2.49,2.49
"Columbia",2.49,2.49
"St. Charles",2.49,2.49
"Teton",2.5,2.5
"Allegany",2.5,2.5
"Highland",2.51,2.51
"Matanuska-Susitna",2.51,2.51
"Cherokee",2.52,2.52
"Madison",2.52,2.52
"Bradford",2.52,2.52
"Burnett",2.52,2.52
"Lee",2.54,2.54
"Elkhart",2.54,2.54
"San Patricio",2.54,2.54
"Oswego",2.55,2.55
"Columbia",2.56,2.56
"Houston",2.56,2.56
"Branch",2.57,2.57
"Liberty",2.58,2.58
"Douglas",2.58,2.58
"Washington",2.58,2.58
"Dorchester",2.58,2.58
"Cape Girardeau",2.58,2.58
"Reno",2.59,2.59
"Bedford",2.6,2.6
"Effingham",2.6,2.6
"Canadian",2.6,2.6
"Bedford",2.6,2.6
"Litchfield",2.6,2.6
"Guadalupe",2.61,2.61
"Washington",2.62,2.62
"Dodge",2.62,2.62
"Northumberland",2.62,2.62
"Washington",2.63,2.63
"Coles",2.63,2.63
"Lassen",2.63,2.63
"San Benito",2.63,2.63
"Rains",2.63,2.63
"Sullivan",2.64,2.64
"Erie",2.64,2.64
"Douglas",2.65,2.65
"Saline",2.65,2.65
"Lafayette",2.66,2.66
"Vernon",2.66,2.66
"Gadsden",2.66,2.66
"Bingham",2.67,2.67
"Schoharie",2.67,2.67
"McCracken",2.68,2.68
"Mono",2.69,2.69
"Otsego",2.69,2.69
"St. Bernard",2.7,2.7
"Indian River",2.71,2.71
"Rowan",2.72,2.72
"St. Tammany",2.72,2.72
"Alpena",2.73,2.73
"Pasco",2.73,2.73
"Frederick",2.73,2.73
"Comal",2.74,2.74
"Kings",2.74,2.74
"Stephenson",2.74,2.74
"Henry",2.74,2.74
"Walla Walla",2.74,2.74
"Carroll",2.75,2.75
"Williamson",2.75,2.75
"Wise",2.75,2.75
"Whitfield",2.75,2.75
"Lexington",2.76,2.76
"St. Croix",2.76,2.76
"Portage",2.77,2.77
"Lowndes",2.77,2.77
"McClain",2.77,2.77
"Jefferson",2.78,2.78
"Ozaukee",2.78,2.78
"Iron",2.78,2.78
"Floyd",2.78,2.78
"Sauk",2.79,2.79
"Hall",2.79,2.79
"St. Clair",2.79,2.79
"Grant",2.8,2.8
"Forrest",2.81,2.81
"Yamhill",2.81,2.81
"Fayette",2.82,2.82
"Otoe",2.82,2.82
"Stanly",2.82,2.82
"Newaygo",2.83,2.83
"Van Buren",2.83,2.83
"Sussex",2.83,2.83
"Monroe",2.83,2.83
"Meade",2.83,2.83
"Platte",2.84,2.84
"Otsego",2.85,2.85
"Callaway",2.85,2.85
"Lincoln",2.85,2.85
"Washington",2.87,2.87
"Bandera",2.88,2.88
"Delta",2.88,2.88
"Linn",2.89,2.89
"Catawba",2.9,2.9
"Putnam",2.91,2.91
"Putnam",2.91,2.91
"Smith",2.91,2.91
"Gunnison",2.93,2.93
"Perry",2.94,2.94
"Caroline",2.94,2.94
"Jackson",2.96,2.96
"Blount",2.96,2.96
"Berkeley",2.97,2.97
"Macon",2.97,2.97
"Columbia",2.97,2.97
"Latah",2.97,2.97
"Newton",2.97,2.97
"Angelina",2.98,2.98
"Cortland",2.99,2.99
"Marshall",2.99,2.99
"Sherburne",2.99,2.99
"Jefferson",2.99,2.99
"Twin Falls",2.99,2.99
"Chippewa",3,3
"Madera",3.01,3.01
"Barnstable",3.02,3.02
"Watauga",3.02,3.02
"Lake",3.02,3.02
"Cowlitz",3.02,3.02
"Logan",3.03,3.03
"Warren",3.03,3.03
"Windham",3.05,3.05
"Hawaii",3.05,3.05
"Johnson",3.07,3.07
"Delaware",3.07,3.07
"Bay",3.07,3.07
"Washington",3.08,3.08
"Chatham",3.09,3.09
"Cabarrus",3.09,3.09
"Tazewell",3.09,3.09
"Barry",3.1,3.1
"Delaware",3.1,3.1
"Buffalo",3.11,3.11
"Wilbarger",3.11,3.11
"Knox",3.12,3.12
"Martinsville",3.12,3.12
"Terrebonne",3.13,3.13
"Sussex",3.13,3.13
"Worcester",3.14,3.14
"Jackson",3.15,3.15
"Wood",3.15,3.15
"Tazewell",3.15,3.15
"Onslow",3.16,3.16
"Beadle",3.18,3.18
"Brazoria",3.18,3.18
"San Juan",3.18,3.18
"Payne",3.19,3.19
"Cumberland",3.21,3.21
"Howard",3.21,3.21
"Ross",3.21,3.21
"Logan",3.22,3.22
"Vigo",3.22,3.22
"Maury",3.22,3.22
"Gallatin",3.23,3.23
"Clark",3.23,3.23
"Yavapai",3.23,3.23
"Ottawa",3.25,3.25
"Richland",3.25,3.25
"Lincoln",3.25,3.25
"Pike",3.25,3.25
"Clinton",3.26,3.26
"Boone",3.26,3.26
"Adams",3.27,3.27
"Miami",3.27,3.27
"Jasper",3.27,3.27
"Hill",3.27,3.27
"Madison",3.28,3.28
"Livingston",3.28,3.28
"Bennington",3.28,3.28
"Gratiot",3.29,3.29
"Sutter",3.29,3.29
"McHenry",3.29,3.29
"Box Elder",3.3,3.3
"Cumberland",3.3,3.3
"Clark",3.3,3.3
"Flathead",3.31,3.31
"Otter Tail",3.31,3.31
"Sumter",3.31,3.31
"Tom Green",3.31,3.31
"DeKalb",3.32,3.32
"Aiken",3.32,3.32
"Henderson",3.32,3.32
"Klickitat",3.32,3.32
"Hall",3.33,3.33
"Collier",3.34,3.34
"Madison",3.35,3.35
"Navajo",3.37,3.37
"Hood River",3.37,3.37
"Henry",3.39,3.39
"Mahoning",3.39,3.39
"Sitka",3.39,3.39
"Clayton",3.41,3.41
"Sullivan",3.41,3.41
"Goodhue",3.41,3.41
"Adair",3.41,3.41
"Gaston",3.41,3.41
"Mendocino",3.42,3.42
"Sarasota",3.42,3.42
"Campbell",3.43,3.43
"Pike",3.43,3.43
"Knox",3.44,3.44
"Napa",3.44,3.44
"Codington",3.45,3.45
"Powhatan",3.45,3.45
"San Miguel",3.45,3.45
"Wicomico",3.46,3.46
"Marion",3.46,3.46
"Florence",3.47,3.47
"Yuba",3.48,3.48
"Montgomery",3.49,3.49
"Sweetwater",3.5,3.5
"Washington",3.51,3.51
"Kenosha",3.51,3.51
"Rutherford",3.53,3.53
"Steele",3.54,3.54
"Ontario",3.54,3.54
"Columbia",3.54,3.54
"Putnam",3.54,3.54
"Ocean",3.55,3.55
"Allegany",3.55,3.55
"Beltrami",3.56,3.56
"Pottawattamie",3.56,3.56
"Lebanon",3.57,3.57
"Tuscaloosa",3.58,3.58
"Barron",3.59,3.59
"Williamson",3.6,3.6
"Bay",3.6,3.6
"Muskegon",3.6,3.6
"Calcasieu",3.61,3.61
"Tolland",3.62,3.62
"Allen",3.63,3.63
"Washington",3.63,3.63
"Sandoval",3.65,3.65
"Madison",3.65,3.65
"Canyon",3.65,3.65
"Dickson",3.66,3.66
"Dunn",3.66,3.66
"Isanti",3.66,3.66
"Susquehanna",3.66,3.66
"Beaver",3.67,3.67
"Ellis",3.67,3.67
"Franklin",3.67,3.67
"Rapides",3.68,3.68
"Licking",3.68,3.68
"Prairie",3.68,3.68
"Weld",3.69,3.69
"Lake",3.69,3.69
"Dutchess",3.72,3.72
"Limestone",3.72,3.72
"Tulare",3.72,3.72
"Scott",3.73,3.73
"Lorain",3.73,3.73
"Pickens",3.74,3.74
"Socorro",3.74,3.74
"Saratoga",3.75,3.75
"Volusia",3.75,3.75
"Falls",3.76,3.76
"Carroll",3.76,3.76
"Clay",3.77,3.77
"Will",3.77,3.77
"Parke",3.78,3.78
"McKinley",3.79,3.79
"St. Lucie",3.81,3.81
"Washington",3.82,3.82
"Miami",3.83,3.83
"Kittitas",3.83,3.83
"Botetourt",3.84,3.84
"Franklin",3.84,3.84
"Christian",3.84,3.84
"Hendricks",3.86,3.86
"Madison",3.86,3.86
"Pittsburg",3.87,3.87
"Nassau",3.87,3.87
"Osceola",3.88,3.88
"Delaware",3.9,3.9
"Smyth",3.95,3.95
"Clermont",3.95,3.95
"Dubuque",3.96,3.96
"Lexington",3.97,3.97
"Jefferson",3.97,3.97
"Muskogee",3.97,3.97
"Clay",3.97,3.97
"Spartanburg",3.98,3.98
"Washington",3.98,3.98
"Monroe",3.99,3.99
"Houghton",3.99,3.99
"Monterey",4,4
"St. Johns",4.01,4.01
"Gloucester",4.01,4.01
"Danville",4.01,4.01
"Iredell",4.01,4.01
"Rockdale",4.02,4.02
"Pulaski",4.03,4.03
"Clark",4.04,4.04
"San Joaquin",4.04,4.04
"Ulster",4.05,4.05
"Vermilion",4.05,4.05
"Grant",4.05,4.05
"Daviess",4.06,4.06
"Washington",4.07,4.07
"Shelby",4.07,4.07
"York",4.07,4.07
"Venango",4.07,4.07
"Fayette",4.08,4.08
"Audrain",4.08,4.08
"Dougherty",4.09,4.09
"Page",4.11,4.11
"Boone",4.12,4.12
"Androscoggin",4.13,4.13
"Gloucester",4.13,4.13
"Curry",4.13,4.13
"Rock",4.14,4.14
"Comanche",4.14,4.14
"Grays Harbor",4.15,4.15
"Berkshire",4.15,4.15
"Midland",4.15,4.15
"Pitt",4.15,4.15
"Allegan",4.15,4.15
"Aroostook",4.15,4.15
"Dickinson",4.16,4.16
"Jefferson",4.17,4.17
"Scott",4.17,4.17
"Union",4.17,4.17
"La Plata",4.18,4.18
"Fannin",4.18,4.18
"Butler",4.19,4.19
"Iowa",4.2,4.2
"Pinal",4.21,4.21
"Skagit",4.22,4.22
"Taylor",4.22,4.22
"Wise",4.22,4.22
"Cascade",4.24,4.24
"Houston",4.24,4.24
"Wichita",4.26,4.26
"Summit",4.26,4.26
"Montgomery",4.26,4.26
"Marion",4.3,4.3
"Shasta",4.3,4.3
"Woodbury",4.31,4.31
"Bristol",4.32,4.32
"Augusta",4.32,4.32
"Chatham",4.32,4.32
"Stutsman",4.35,4.35
"Bell",4.36,4.36
"Fort Bend",4.36,4.36
"Schuylkill",4.36,4.36
"Alamance",4.37,4.37
"Wasatch",4.37,4.37
"Bristol",4.38,4.38
"Apache",4.39,4.39
"Mower",4.41,4.41
"Sarpy",4.42,4.42
"San Luis Obispo",4.42,4.42
"Chelan",4.43,4.43
"Riverside",4.44,4.44
"Piatt",4.45,4.45
"Bastrop",4.45,4.45
"Stanislaus",4.45,4.45
"Lubbock",4.47,4.47
"Stark",4.48,4.48
"Jackson",4.49,4.49
"Marquette",4.49,4.49
"St. Lawrence",4.49,4.49
"Lee",4.51,4.51
"Monroe",4.51,4.51
"Hays",4.52,4.52
"Hunt",4.54,4.54
"Livingston",4.55,4.55
"Anoka",4.56,4.56
"Pasquotank",4.57,4.57
"Rensselaer",4.57,4.57
"Blair",4.6,4.6
"Bibb",4.6,4.6
"Plumas",4.6,4.6
"Broome",4.61,4.61
"Wayne",4.62,4.62
"Polk",4.62,4.62
"Luzerne",4.62,4.62
"Lake",4.63,4.63
"Auglaize",4.63,4.63
"New London",4.64,4.64
"LaPorte",4.64,4.64
"Windsor",4.67,4.67
"Kane",4.68,4.68
"St. Charles",4.68,4.68
"York",4.69,4.69
"Culpeper",4.69,4.69
"Island",4.7,4.7
"Isle of Wight",4.71,4.71
"Cambria",4.71,4.71
"Mesa",4.71,4.71
"Harrisonburg",4.73,4.73
"Washington",4.74,4.74
"Washington",4.76,4.76
"Montgomery",4.76,4.76
"Bronx",4.77,4.77
"Jefferson",4.77,4.77
"Middlesex",4.78,4.78
"Okaloosa",4.78,4.78
"McLennan",4.79,4.79
"Warren",4.8,4.8
"Grand Traverse",4.8,4.8
"Imperial",4.8,4.8
"Leavenworth",4.82,4.82
"St. Landry",4.83,4.83
"Dale",4.83,4.83
"Martin",4.83,4.83
"Alamosa",4.85,4.85
"Potter",4.86,4.86
"Brookings",4.86,4.86
"Brazos",4.87,4.87
"Davis",4.87,4.87
"Otero",4.87,4.87
"Solano",4.88,4.88
"Lafayette",4.89,4.89
"Christian",4.89,4.89
"Craighead",4.95,4.95
"Teller",4.96,4.96
"Camden",4.97,4.97
"Berrien",4.97,4.97
"Harrison",4.99,4.99
"Carver",4.99,4.99
"Hardin",5,5
"Jackson",5.01,5.01
"Rockland",5.02,5.02
"Nueces",5.02,5.02
"Orange",5.03,5.03
"Salem",5.03,5.03
"Clackamas",5.04,5.04
"Lackawanna",5.04,5.04
"Cameron",5.07,5.07
"Rutland",5.07,5.07
"Bosque",5.11,5.11
"Laurel",5.13,5.13
"Whatcom",5.14,5.14
"Steuben",5.15,5.15
"Hunterdon",5.15,5.15
"Rockingham",5.15,5.15
"Black Hawk",5.16,5.16
"Tuolumne",5.16,5.16
"Jackson",5.17,5.17
"Cheshire",5.18,5.18
"St. Joseph",5.18,5.18
"San Bernardino",5.19,5.19
"Lancaster",5.22,5.22
"Fauquier",5.22,5.22
"Hidalgo",5.23,5.23
"Shelby",5.24,5.24
"Bucks",5.26,5.26
"Schenectady",5.26,5.26
"Escambia",5.27,5.27
"Oneida",5.28,5.28
"Sheridan",5.28,5.28
"Webb",5.29,5.29
"Champaign",5.3,5.3
"Wayne",5.31,5.31
"Erath",5.34,5.34
"Strafford",5.34,5.34
"Alachua",5.37,5.37
"Outagamie",5.38,5.38
"Avoyelles",5.38,5.38
"Greene",5.4,5.4
"Madison",5.41,5.41
"Waukesha",5.42,5.42
"Butte",5.42,5.42
"Orleans",5.42,5.42
"Harvey",5.43,5.43
"Dearborn",5.43,5.43
"Jefferson",5.44,5.44
"Grand Forks",5.44,5.44
"Livingston",5.45,5.45
"Ketchikan Gateway",5.45,5.45
"Sonoma",5.47,5.47
"Hampden",5.47,5.47
"Montgomery",5.48,5.48
"Westmoreland",5.48,5.48
"Becker",5.5,5.5
"Winnebago",5.51,5.51
"Galveston",5.52,5.52
"Colonial Heights",5.53,5.53
"Kent",5.53,5.53
"Racine",5.54,5.54
"Plymouth",5.55,5.55
"Clark",5.56,5.56
"Monmouth",5.56,5.56
"Potter",5.57,5.57
"Washington",5.58,5.58
"Franklin",5.58,5.58
"Franklin",5.58,5.58
"York",5.58,5.58
"Jennings",5.58,5.58
"Clallam",5.65,5.65
"Northampton",5.69,5.69
"Washoe",5.69,5.69
"Queens",5.69,5.69
"Orangeburg",5.7,5.7
"Suffolk",5.71,5.71
"Jefferson",5.71,5.71
"Nassau",5.71,5.71
"Atlantic",5.72,5.72
"Addison",5.78,5.78
"Vanderburgh",5.8,5.8
"Butler",5.8,5.8
"Humboldt",5.8,5.8
"Sheboygan",5.81,5.81
"Silver Bow",5.82,5.82
"Yuma",5.84,5.84
"Allen",5.84,5.84
"Cobb",5.85,5.85
"Snohomish",5.85,5.85
"Richmond",5.86,5.86
"La Crosse",5.86,5.86
"Buchanan",5.86,5.86
"Lancaster",5.86,5.86
"Mobile",5.87,5.87
"Essex",5.87,5.87
"Winchester",5.88,5.88
"Merced",5.88,5.88
"Raleigh",5.88,5.88
"Placer",5.89,5.89
"Faulkner",5.91,5.91
"Wood",5.92,5.92
"Douglas",5.92,5.92
"Daviess",5.99,5.99
"Blue Earth",6,6
"Barry",6.01,6.01
"Pipestone",6.03,6.03
"Deschutes",6.03,6.03
"Ohio",6.04,6.04
"Palm Beach",6.06,6.06
"Middlesex",6.06,6.06
"Nevada",6.14,6.14
"Passaic",6.14,6.14
"Whitman",6.14,6.14
"Brevard",6.17,6.17
"Genesee",6.17,6.17
"Giles",6.2,6.2
"Hancock",6.21,6.21
"McLean",6.22,6.22
"Natrona",6.23,6.23
"Harford",6.25,6.25
"York",6.26,6.26
"Ward",6.29,6.29
"Summit",6.29,6.29
"Calhoun",6.31,6.31
"Saginaw",6.32,6.32
"Bossier",6.35,6.35
"Phelps",6.37,6.37
"Camden",6.39,6.39
"Woodford",6.4,6.4
"Eau Claire",6.41,6.41
"Charles",6.43,6.43
"Van Wert",6.44,6.44
"Pierce",6.45,6.45
"Pennington",6.45,6.45
"Jersey",6.46,6.46
"Lane",6.48,6.48
"Oneida",6.48,6.48
"Medina",6.48,6.48
"Berks",6.5,6.5
"Kern",6.5,6.5
"Walker",6.52,6.52
"Midland",6.52,6.52
"Montgomery",6.54,6.54
"Mason",6.55,6.55
"Boone",6.58,6.58
"Hancock",6.58,6.58
"Cecil",6.59,6.59
"Erie",6.61,6.61
"Worcester",6.62,6.62
"Lynchburg",6.62,6.62
"Buncombe",6.62,6.62
"York",6.63,6.63
"Adams",6.67,6.67
"Missoula",6.68,6.68
"Madison",6.7,6.7
"Kootenai",6.72,6.72
"Cochise",6.73,6.73
"Orange",6.76,6.76
"Pinellas",6.76,6.76
"Hamilton",6.76,6.76
"Benton",6.76,6.76
"Fresno",6.76,6.76
"El Paso",6.76,6.76
"Pima",6.77,6.77
"Gwinnett",6.77,6.77
"Hamilton",6.78,6.78
"Douglas",6.79,6.79
"Winnebago",6.82,6.82
"Cleveland",6.84,6.84
"Cumberland",6.85,6.85
"Ventura",6.86,6.86
"Weber",6.87,6.87
"Kings",6.88,6.88
"New Haven",6.88,6.88
"Lucas",6.91,6.91
"Broward",6.92,6.92
"East Feliciana",6.94,6.94
"Stearns",6.95,6.95
"Washington",6.97,6.97
"Denton",6.97,6.97
"Kenton",6.98,6.98
"Iberville",7,7
"Rockingham",7.01,7.01
"Macomb",7.01,7.01
"Berkeley",7.01,7.01
"Kalamazoo",7.02,7.02
"Cache",7.03,7.03
"St. Clair",7.04,7.04
"Carroll",7.05,7.05
"Pueblo",7.06,7.06
"Atascosa",7.06,7.06
"Garfield",7.06,7.06
"Richmond",7.08,7.08
"Petersburg",7.09,7.09
"Fayette",7.1,7.1
"Ouachita",7.12,7.12
"Radford",7.14,7.14
"Forsyth",7.14,7.14
"Yakima",7.14,7.14
"Madison",7.15,7.15
"Guilford",7.17,7.17
"Caddo",7.17,7.17
"Jackson",7.18,7.18
"Monroe",7.2,7.2
"Sebastian",7.2,7.2
"Penobscot",7.2,7.2
"Hopewell",7.22,7.22
"Lawrence",7.23,7.23
"Tarrant",7.27,7.27
"Santa Barbara",7.28,7.28
"Charleston",7.32,7.32
"Greene",7.35,7.35
"Allen",7.36,7.36
"Marathon",7.37,7.37
"DeKalb",7.39,7.39
"Minnehaha",7.39,7.39
"Fremont",7.4,7.4
"Medina",7.4,7.4
"Knox",7.4,7.4
"Cabell",7.42,7.42
"Bergen",7.44,7.44
"Fredericksburg",7.46,7.46
"El Dorado",7.48,7.48
"Scott",7.52,7.52
"Poquoson",7.54,7.54
"Johnson",7.55,7.55
"Owen",7.55,7.55
"Contra Costa",7.56,7.56
"Albemarle",7.58,7.58
"Spokane",7.6,7.6
"Suffolk",7.61,7.61
"Cumberland",7.65,7.65
"Ouachita",7.66,7.66
"Ripley",7.68,7.68
"Tulsa",7.69,7.69
"Monroe",7.7,7.7
"St. Louis",7.73,7.73
"Erie",7.74,7.74
"Hampshire",7.75,7.75
"Shelby",7.77,7.77
"Marin",7.78,7.78
"Norfolk",7.79,7.79
"Warren",7.8,7.8
"Tioga",7.81,7.81
"New Hanover",7.87,7.87
"Frederick",7.89,7.89
"New Kent",7.9,7.9
"Lehigh",7.95,7.95
"Prince George",7.96,7.96
"Chesterfield",7.97,7.97
"Greenville",8,8
"Westchester",8,8
"Prince William",8.01,8.01
"Hanover",8.09,8.09
"Honolulu",8.09,8.09
"Onondaga",8.1,8.1
"Brown",8.12,8.12
"Peoria",8.19,8.19
"Yolo",8.2,8.2
"Anderson",8.23,8.23
"Blaine",8.24,8.24
"Orange",8.24,8.24
"Jefferson",8.25,8.25
"Washington",8.26,8.26
"Middlesex",8.3,8.3
"Rock Island",8.35,8.35
"Manassas",8.39,8.39
"Kitsap",8.39,8.39
"Kosciusko",8.39,8.39
"Lycoming",8.39,8.39
"Portsmouth",8.43,8.43
"Clarke",8.45,8.45
"Oakland",8.48,8.48
"Mecklenburg",8.51,8.51
"Union",8.54,8.54
"Stafford",8.57,8.57
"Bannock",8.58,8.58
"Mitchell",8.6,8.6
"Sedgwick",8.68,8.68
"DuPage",8.73,8.73
"Wyandotte",8.74,8.74
"Cass",8.79,8.79
"Harrison",8.8,8.8
"Orleans",8.8,8.8
"Washington",8.86,8.86
"Dakota",8.87,8.87
"Bowie",8.89,8.89
"Bartholomew",8.9,8.9
"Lake",8.9,8.9
"Kent",8.91,8.91
"Washington",8.91,8.91
"Jefferson",8.96,8.96
"Blackford",8.98,8.98
"Burlington",9.09,9.09
"Larimer",9.11,9.11
"Muscogee",9.14,9.14
"Clark",9.16,9.16
"Haralson",9.2,9.2
"Riley",9.23,9.23
"Grafton",9.24,9.24
"Chenango",9.29,9.29
"Utah",9.35,9.35
"Orange",9.35,9.35
"Fairbanks North Star",9.35,9.35
"Tippecanoe",9.36,9.36
"Seminole",9.37,9.37
"Jefferson",9.37,9.37
"King William",9.4,9.4
"Hillsborough",9.41,9.41
"Oconee",9.42,9.42
"Lee",9.45,9.45
"Hampton",9.45,9.45
"Madison",9.49,9.49
"Milwaukee",9.51,9.51
"Monongalia",9.57,9.57
"Goochland",9.6,9.6
"Chester",9.62,9.62
"Cuyahoga",9.62,9.62
"Blanco",9.62,9.62
"Clare",9.69,9.69
"Bexar",9.73,9.73
"Cass",9.79,9.79
"Prince George's",9.83,9.83
"East Baton Rouge",9.9,9.9
"Bonneville",9.91,9.91
"Olmsted",9.94,9.94
"Clark",9.98,9.98
"Alameda",10.05,10.05
"Harris",10.06,10.06
"Linn",10.08,10.08
"Yellowstone",10.11,10.11
"Athens",10.11,10.11
"St. Louis",10.17,10.17
"St. Louis",10.17,10.17
"Eaton",10.19,10.19
"Spotsylvania",10.2,10.2
"Chesapeake",10.22,10.22
"Johnson",10.27,10.27
"St. Mary's",10.28,10.28
"Miami-Dade",10.29,10.29
"Anchorage",10.29,10.29
"Coconino",10.32,10.32
"Madison",10.34,10.34
"El Paso",10.35,10.35
"Delaware",10.41,10.41
"Montgomery",10.42,10.42
"Santa Cruz",10.45,10.45
"Benton",10.47,10.47
"Arapahoe",10.52,10.52
"Los Angeles",10.54,10.54
"Hamilton",10.59,10.59
"Jackson",10.63,10.63
"Charlottesville",10.71,10.71
"Benton",10.71,10.71
"Douglas",10.72,10.72
"Collin",10.77,10.77
"Wayne",10.91,10.91
"Duval",10.92,10.92
"Richland",10.94,10.94
"Oklahoma",10.99,10.99
"Howard",11.04,11.04
"Orange",11.06,11.06
"Santa Fe",11.12,11.12
"San Diego",11.12,11.12
"Lancaster",11.14,11.14
"Essex",11.14,11.14
"Baltimore",11.16,11.16
"Baltimore",11.16,11.16
"Montgomery",11.22,11.22
"Williamsburg",11.23,11.23
"Franklin",11.23,11.23
"New Castle",11.26,11.26
"Union",11.27,11.27
"Anne Arundel",11.28,11.28
"Sangamon",11.28,11.28
"Nez Perce",11.57,11.57
"Newport",11.62,11.62
"Maricopa",11.68,11.68
"Portage",11.75,11.75
"Roanoke",11.79,11.79
"Roanoke",11.79,11.79
"Newport News",11.83,11.83
"Middlesex",11.86,11.86
"Columbia",11.87,11.87
"Bernalillo",12.12,12.12
"Centre",12.18,12.18
"Jefferson",12.28,12.28
"Providence",12.29,12.29
"Fairfield",12.29,12.29
"Polk",12.37,12.37
"Hillsborough",12.49,12.49
"Accomack",12.5,12.5
"Durham",12.5,12.5
"Boulder",12.52,12.52
"Salt Lake",12.54,12.54
"Kanawha",12.57,12.57
"Loudoun",12.59,12.59
"Montgomery",12.59,12.59
"Davidson",12.64,12.64
"Dallas",12.82,12.82
"Story",12.87,12.87
"Allegheny",12.9,12.9
"Albany",13.03,13.03
"Cumberland",13.15,13.15
"Norfolk",13.19,13.19
"Williamson",13.2,13.2
"Chittenden",13.23,13.23
"Hinds",13.28,13.28
"Indiana",13.3,13.3
"Multnomah",13.35,13.35
"Broomfield",13.39,13.39
"Merrimack",13.41,13.41
"Morris",13.42,13.42
"Virginia Beach",13.44,13.44
"Simpson",13.46,13.46
"San Mateo",13.52,13.52
"Leon",13.61,13.61
"Falls Church",13.63,13.63
"Sacramento",13.64,13.64
"Ramsey",13.75,13.75
"King George",13.76,13.76
"Dane",13.79,13.79
"Wake",13.91,13.91
"Santa Clara",14.12,14.12
"Mecklenburg",14.13,14.13
"King",14.14,14.14
"Marion",14.25,14.25
"Somerset",14.26,14.26
"Wood",14.26,14.26
"Martin",14.33,14.33
"Lancaster",14.59,14.59
"Hartford",14.69,14.69
"Cook",15.01,15.01
"Albany",15.02,15.02
"Alexandria",15.28,15.28
"Burleigh",15.4,15.4
"Cole",15.4,15.4
"Henrico",15.61,15.61
"Carson City",15.74,15.74
"Hennepin",15.93,15.93
"Hudson",16.16,16.16
"Philadelphia",16.17,16.17
"Montgomery",16.26,16.26
"Rappahannock",16.84,16.84
"Tompkins",17.03,17.03
"Los Alamos",17.42,17.42
"Pulaski",17.49,17.49
"Denver",17.68,17.68
"Travis",17.74,17.74
"Richmond",17.96,17.96
"Richmond",17.96,17.96
"Mercer",17.98,17.98
"Brown",18.52,18.52
"Marion",18.52,18.52
"Fulton",18.56,18.56
"Ada",18.59,18.59
"Laramie",19.59,19.59
"Dauphin",19.65,19.65
"Fairfax",20.29,20.29
"Fairfax",20.29,20.29
"Franklin",20.7,20.7
"Washtenaw",20.8,20.8
"Suffolk",21.41,21.41
"New York",21.52,21.52
"Arlington",22.53,22.53
"West Feliciana",22.81,22.81
"Lewis and Clark",24.82,24.82
"Thurston",25.62,25.62
"Shawnee",26.15,26.15
"District of Columbia",26.55,26.55
"San Juan",26.82,26.82
"Juneau",27.4,27.4
"San Francisco",27.63,27.63
"Ingham",28.4,28.4
"Washington",28.97,28.97
"Kent",30.37,30.37
"Kennebec",36.04,36.04
"Coos",42.59,42.59
"Hughes",47.56,47.56
"Washington",48.63,48.63